Ref,Val,Package,PosX,PosY,Rot,Side
"C1","1uF","CP_Radial_Tantal_D4.5mm_P5.00mm",94.885000,-150.050000,0.000000,top
"C2","100pF","CP_Axial_L11.0mm_D5.0mm_P18.00mm_Horizontal",102.110000,-44.912500,180.000000,top
"C6","1uF","CP_Radial_Tantal_D4.5mm_P5.00mm",123.005000,-148.820000,0.000000,top
"J1","Screw_Terminal_01x02","TerminalBlock_Altech_AK300-2_P5.00mm",58.535000,-76.535000,90.000000,top
"J2","Screw_Terminal_01x02","TerminalBlock_Altech_AK300-2_P5.00mm",161.460000,-101.415000,-90.000000,top
"J3","Screw_Terminal_01x02","TerminalBlock_Altech_AK300-2_P5.00mm",161.200000,-129.975000,-90.000000,top
"J4","Screw_Terminal_01x02","TerminalBlock_Altech_AK300-2_P5.00mm",161.890000,-69.940000,-90.000000,top
"J5","Screw_Terminal_01x02","TerminalBlock_Altech_AK300-2_P5.00mm",117.145000,-41.355000,0.000000,top
"J7","B8B-XH-A(LF)(SN)","JST_EH_S8B-EH_1x08_P2.50mm_Horizontal",104.610000,-163.272500,180.000000,top
"J8","B8B-XH-A(LF)(SN)","JST_EH_S8B-EH_1x08_P2.50mm_Horizontal",133.985000,-163.747500,180.000000,top
"J9","Screw_Terminal_01x02","TerminalBlock_Altech_AK300-2_P5.00mm",58.070000,-107.225000,90.000000,top
"J10","Screw_Terminal_01x02","TerminalBlock_Altech_AK300-2_P5.00mm",58.200000,-134.585000,90.000000,top
"R1","1K","R_0805_2012Metric_Pad1.20x1.40mm_HandSolder",145.895000,-66.630000,-90.000000,top
"R2","1K","R_0805_2012Metric_Pad1.20x1.40mm_HandSolder",145.575000,-94.050000,-90.000000,top
"R3","1K","R_0805_2012Metric_Pad1.20x1.40mm_HandSolder",145.575000,-89.650000,-90.000000,top
"R4","1K","R_0805_2012Metric_Pad1.20x1.40mm_HandSolder",144.815000,-136.070000,-90.000000,top
"R5","1K","R_0805_2012Metric_Pad1.20x1.40mm_HandSolder",145.995000,-62.290000,-90.000000,top
"R6","1K","R_0805_2012Metric_Pad1.20x1.40mm_HandSolder",144.875000,-131.620000,-90.000000,top
"R7","1K","R_0805_2012Metric_Pad1.20x1.40mm_HandSolder",145.695000,-76.200000,-90.000000,top
"R8","1K","R_0805_2012Metric_Pad1.20x1.40mm_HandSolder",145.525000,-103.520000,-90.000000,top
"R9","1K","R_0805_2012Metric_Pad1.20x1.40mm_HandSolder",145.585000,-114.830000,-90.000000,top
"R10","1K","R_0805_2012Metric_Pad1.20x1.40mm_HandSolder",145.675000,-80.200000,-90.000000,top
"R11","1K","R_0805_2012Metric_Pad1.20x1.40mm_HandSolder",145.465000,-108.000000,-90.000000,top
"R12","1K","R_0805_2012Metric_Pad1.20x1.40mm_HandSolder",145.495000,-119.530000,-90.000000,top
"R13","1K","R_0805_2012Metric_Pad1.20x1.40mm_HandSolder",75.815000,-70.310000,-90.000000,top
"R14","1K","R_0805_2012Metric_Pad1.20x1.40mm_HandSolder",75.755000,-90.770000,-90.000000,top
"R15","1K","R_0805_2012Metric_Pad1.20x1.40mm_HandSolder",75.735000,-95.710000,-90.000000,top
"R16","1K","R_0805_2012Metric_Pad1.20x1.40mm_HandSolder",76.235000,-116.400000,-90.000000,top
"R17","1K","R_0805_2012Metric_Pad1.20x1.40mm_HandSolder",75.815000,-65.960000,-90.000000,top
"R18","1K","R_0805_2012Metric_Pad1.20x1.40mm_HandSolder",76.325000,-120.900000,90.000000,top
"R19","1K","R_0805_2012Metric_Pad1.20x1.40mm_HandSolder",75.875000,-79.100000,90.000000,top
"R20","1K","R_0805_2012Metric_Pad1.20x1.40mm_HandSolder",75.735000,-108.120000,-90.000000,top
"R21","1K","R_0805_2012Metric_Pad1.20x1.40mm_HandSolder",76.485000,-131.890000,-90.000000,top
"R22","1K","R_0805_2012Metric_Pad1.20x1.40mm_HandSolder",75.895000,-84.180000,90.000000,top
"R23","1K","R_0805_2012Metric_Pad1.20x1.40mm_HandSolder",75.585000,-103.620000,-90.000000,top
"R24","1K","R_0805_2012Metric_Pad1.20x1.40mm_HandSolder",76.525000,-127.120000,-90.000000,top
"R25","1K","R_0805_2012Metric_Pad1.20x1.40mm_HandSolder",136.260000,-144.430000,0.000000,top
"R26","1K","R_0805_2012Metric_Pad1.20x1.40mm_HandSolder",136.385000,-147.455000,0.000000,top
"R27","1K","R_0805_2012Metric_Pad1.20x1.40mm_HandSolder",136.660000,-150.855000,0.000000,top
"R28","1K","R_0805_2012Metric_Pad1.20x1.40mm_HandSolder",136.785000,-154.355000,0.000000,top
"R29","1K","R_0805_2012Metric_Pad1.20x1.40mm_HandSolder",83.235000,-144.955000,0.000000,top
"R30","1K","R_0805_2012Metric_Pad1.20x1.40mm_HandSolder",83.210000,-147.230000,0.000000,top
"R31","1K","R_0805_2012Metric_Pad1.20x1.40mm_HandSolder",83.205000,-149.570000,0.000000,top
"R32","1K","R_0805_2012Metric_Pad1.20x1.40mm_HandSolder",83.185000,-151.830000,0.000000,top
"U1","SN74HC244DWR","SOIC127P1030X265-20N",69.860000,-149.930000,90.000000,top
"U2","BTS7960B","Infineon_PG-TO-220-7Lead_TabPin8",97.060000,-65.005000,0.000000,top
"U3","BTS7960B","Infineon_PG-TO-220-7Lead_TabPin8",97.285000,-79.680000,0.000000,top
"U4","BTS7960B","Infineon_PG-TO-220-7Lead_TabPin8",123.685000,-93.555000,180.000000,top
"U5","BTS7960B","Infineon_PG-TO-220-7Lead_TabPin8",123.610000,-134.580000,180.000000,top
"U6","BTS7960B","Infineon_PG-TO-220-7Lead_TabPin8",123.485000,-65.305000,180.000000,top
"U7","SN74HC244DWR","SOIC127P1030X265-20N",147.860000,-149.155000,90.000000,top
"U8","BTS7960B","Infineon_PG-TO-220-7Lead_TabPin8",123.610000,-106.980000,180.000000,top
"U9","BTS7960B","Infineon_PG-TO-220-7Lead_TabPin8",123.635000,-120.980000,180.000000,top
"U10","BTS7960B","Infineon_PG-TO-220-7Lead_TabPin8",123.660000,-79.905000,180.000000,top
"U11","BTS7960B","Infineon_PG-TO-220-7Lead_TabPin8",97.360000,-93.355000,0.000000,top
"U12","BTS7960B","Infineon_PG-TO-220-7Lead_TabPin8",97.535000,-120.730000,0.000000,top
"U13","BTS7960B","Infineon_PG-TO-220-7Lead_TabPin8",97.235000,-106.905000,0.000000,top
"U14","BTS7960B","Infineon_PG-TO-220-7Lead_TabPin8",97.635000,-134.730000,0.000000,top
