<?xml version="1.0" encoding="UTF-8"?>
<export version="E">
  <design>
    <source>C:\Users\Hp\Downloads\Documents\KiCad\BTS7960\BTS7960.kicad_sch</source>
    <date>23-12-2022 22:39:52</date>
    <tool>Eeschema (6.0.7)</tool>
    <sheet number="1" name="/" tstamps="/">
      <title_block>
        <title/>
        <company/>
        <rev/>
        <date/>
        <source>BTS7960.kicad_sch</source>
        <comment number="1" value=""/>
        <comment number="2" value=""/>
        <comment number="3" value=""/>
        <comment number="4" value=""/>
        <comment number="5" value=""/>
        <comment number="6" value=""/>
        <comment number="7" value=""/>
        <comment number="8" value=""/>
        <comment number="9" value=""/>
      </title_block>
    </sheet>
  </design>
  <components>
    <comp ref="C1">
      <value>1uF</value>
      <footprint>Capacitor_THT:CP_Radial_Tantal_D4.5mm_P5.00mm</footprint>
      <libsource lib="Device" part="C_Small" description="Unpolarized capacitor, small symbol"/>
      <property name="Sheetname" value=""/>
      <property name="Sheetfile" value="BTS7960.kicad_sch"/>
      <sheetpath names="/" tstamps="/"/>
      <tstamps>01f8a3c9-a183-4d2a-b702-7aa5601e0cae</tstamps>
    </comp>
    <comp ref="C2">
      <value>100pF</value>
      <footprint>Capacitor_THT:CP_Axial_L11.0mm_D5.0mm_P18.00mm_Horizontal</footprint>
      <libsource lib="Device" part="C_Small" description="Unpolarized capacitor, small symbol"/>
      <property name="Sheetname" value=""/>
      <property name="Sheetfile" value="BTS7960.kicad_sch"/>
      <sheetpath names="/" tstamps="/"/>
      <tstamps>22787193-bbed-4a50-a81d-3eb38f3971d7</tstamps>
    </comp>
    <comp ref="C6">
      <value>1uF</value>
      <footprint>Capacitor_THT:CP_Radial_Tantal_D4.5mm_P5.00mm</footprint>
      <libsource lib="Device" part="C_Small" description="Unpolarized capacitor, small symbol"/>
      <property name="Sheetname" value=""/>
      <property name="Sheetfile" value="BTS7960.kicad_sch"/>
      <sheetpath names="/" tstamps="/"/>
      <tstamps>bcf46e5a-be9e-4d24-9a76-c6bd876f6840</tstamps>
    </comp>
    <comp ref="J1">
      <value>Screw_Terminal_01x02</value>
      <footprint>TerminalBlock:TerminalBlock_Altech_AK300-2_P5.00mm</footprint>
      <libsource lib="Connector" part="Screw_Terminal_01x02" description="Generic screw terminal, single row, 01x02, script generated (kicad-library-utils/schlib/autogen/connector/)"/>
      <property name="Sheetname" value=""/>
      <property name="Sheetfile" value="BTS7960.kicad_sch"/>
      <sheetpath names="/" tstamps="/"/>
      <tstamps>45092d4e-cadb-48f3-9e9c-512ff41e3006</tstamps>
    </comp>
    <comp ref="J2">
      <value>Screw_Terminal_01x02</value>
      <footprint>TerminalBlock:TerminalBlock_Altech_AK300-2_P5.00mm</footprint>
      <libsource lib="Connector" part="Screw_Terminal_01x02" description="Generic screw terminal, single row, 01x02, script generated (kicad-library-utils/schlib/autogen/connector/)"/>
      <property name="Sheetname" value=""/>
      <property name="Sheetfile" value="BTS7960.kicad_sch"/>
      <sheetpath names="/" tstamps="/"/>
      <tstamps>be532744-aa2e-4d29-ab63-8f193d022f25</tstamps>
    </comp>
    <comp ref="J3">
      <value>Screw_Terminal_01x02</value>
      <footprint>TerminalBlock:TerminalBlock_Altech_AK300-2_P5.00mm</footprint>
      <libsource lib="Connector" part="Screw_Terminal_01x02" description="Generic screw terminal, single row, 01x02, script generated (kicad-library-utils/schlib/autogen/connector/)"/>
      <property name="Sheetname" value=""/>
      <property name="Sheetfile" value="BTS7960.kicad_sch"/>
      <sheetpath names="/" tstamps="/"/>
      <tstamps>529b0c0b-c1d8-476f-bcf9-95b77878ebf6</tstamps>
    </comp>
    <comp ref="J4">
      <value>Screw_Terminal_01x02</value>
      <footprint>TerminalBlock:TerminalBlock_Altech_AK300-2_P5.00mm</footprint>
      <libsource lib="Connector" part="Screw_Terminal_01x02" description="Generic screw terminal, single row, 01x02, script generated (kicad-library-utils/schlib/autogen/connector/)"/>
      <property name="Sheetname" value=""/>
      <property name="Sheetfile" value="BTS7960.kicad_sch"/>
      <sheetpath names="/" tstamps="/"/>
      <tstamps>3d6a04f3-eb01-4fa0-93b9-cfa0146c0b3b</tstamps>
    </comp>
    <comp ref="J5">
      <value>Screw_Terminal_01x02</value>
      <footprint>TerminalBlock:TerminalBlock_Altech_AK300-2_P5.00mm</footprint>
      <libsource lib="Connector" part="Screw_Terminal_01x02" description="Generic screw terminal, single row, 01x02, script generated (kicad-library-utils/schlib/autogen/connector/)"/>
      <property name="Sheetname" value=""/>
      <property name="Sheetfile" value="BTS7960.kicad_sch"/>
      <sheetpath names="/" tstamps="/"/>
      <tstamps>5bf89278-8e7c-4b9d-88d7-7f863d81d36c</tstamps>
    </comp>
    <comp ref="J7">
      <value>B8B-XH-A(LF)(SN)</value>
      <footprint>Connector_JST:JST_EH_S8B-EH_1x08_P2.50mm_Horizontal</footprint>
      <fields>
        <field name="MANUFACTURER">JST Sales America Inc.</field>
        <field name="MAXIMUM_PACKAGE_HEIGHT">7 mm</field>
        <field name="PARTREV">N/A</field>
        <field name="SNAPEDA_PN">B8B-XH-A(LF)(SN)</field>
        <field name="STANDARD">Manufacturer Recommendations</field>
      </fields>
      <libsource lib="JST 8PIS" part="B8B-XH-A(LF)(SN)" description=""/>
      <property name="STANDARD" value="Manufacturer Recommendations"/>
      <property name="PARTREV" value="N/A"/>
      <property name="MANUFACTURER" value="JST Sales America Inc."/>
      <property name="SNAPEDA_PN" value="B8B-XH-A(LF)(SN)"/>
      <property name="MAXIMUM_PACKAGE_HEIGHT" value="7 mm"/>
      <property name="Sheetname" value=""/>
      <property name="Sheetfile" value="BTS7960.kicad_sch"/>
      <sheetpath names="/" tstamps="/"/>
      <tstamps>a536924c-97aa-4f83-94fc-c8bb06e5a20d</tstamps>
    </comp>
    <comp ref="J8">
      <value>B8B-XH-A(LF)(SN)</value>
      <footprint>Connector_JST:JST_EH_S8B-EH_1x08_P2.50mm_Horizontal</footprint>
      <fields>
        <field name="MANUFACTURER">JST Sales America Inc.</field>
        <field name="MAXIMUM_PACKAGE_HEIGHT">7 mm</field>
        <field name="PARTREV">N/A</field>
        <field name="SNAPEDA_PN">B8B-XH-A(LF)(SN)</field>
        <field name="STANDARD">Manufacturer Recommendations</field>
      </fields>
      <libsource lib="JST 8PIS" part="B8B-XH-A(LF)(SN)" description=""/>
      <property name="STANDARD" value="Manufacturer Recommendations"/>
      <property name="PARTREV" value="N/A"/>
      <property name="MANUFACTURER" value="JST Sales America Inc."/>
      <property name="SNAPEDA_PN" value="B8B-XH-A(LF)(SN)"/>
      <property name="MAXIMUM_PACKAGE_HEIGHT" value="7 mm"/>
      <property name="Sheetname" value=""/>
      <property name="Sheetfile" value="BTS7960.kicad_sch"/>
      <sheetpath names="/" tstamps="/"/>
      <tstamps>835f7983-7cf5-4714-9efd-2c660728397b</tstamps>
    </comp>
    <comp ref="J9">
      <value>Screw_Terminal_01x02</value>
      <footprint>TerminalBlock:TerminalBlock_Altech_AK300-2_P5.00mm</footprint>
      <libsource lib="Connector" part="Screw_Terminal_01x02" description="Generic screw terminal, single row, 01x02, script generated (kicad-library-utils/schlib/autogen/connector/)"/>
      <property name="Sheetname" value=""/>
      <property name="Sheetfile" value="BTS7960.kicad_sch"/>
      <sheetpath names="/" tstamps="/"/>
      <tstamps>fda270ae-738b-4758-a130-cbf2be524775</tstamps>
    </comp>
    <comp ref="J10">
      <value>Screw_Terminal_01x02</value>
      <footprint>TerminalBlock:TerminalBlock_Altech_AK300-2_P5.00mm</footprint>
      <libsource lib="Connector" part="Screw_Terminal_01x02" description="Generic screw terminal, single row, 01x02, script generated (kicad-library-utils/schlib/autogen/connector/)"/>
      <property name="Sheetname" value=""/>
      <property name="Sheetfile" value="BTS7960.kicad_sch"/>
      <sheetpath names="/" tstamps="/"/>
      <tstamps>8b0e3436-50d7-477b-abae-215b27cfdfc9</tstamps>
    </comp>
    <comp ref="R1">
      <value>1K</value>
      <footprint>Resistor_SMD:R_0805_2012Metric_Pad1.20x1.40mm_HandSolder</footprint>
      <libsource lib="Device" part="R_Small" description="Resistor, small symbol"/>
      <property name="Sheetname" value=""/>
      <property name="Sheetfile" value="BTS7960.kicad_sch"/>
      <sheetpath names="/" tstamps="/"/>
      <tstamps>1f7dfb02-304b-4e19-8daa-8d5d84ccafb5</tstamps>
    </comp>
    <comp ref="R2">
      <value>1K</value>
      <footprint>Resistor_SMD:R_0805_2012Metric_Pad1.20x1.40mm_HandSolder</footprint>
      <libsource lib="Device" part="R_Small" description="Resistor, small symbol"/>
      <property name="Sheetname" value=""/>
      <property name="Sheetfile" value="BTS7960.kicad_sch"/>
      <sheetpath names="/" tstamps="/"/>
      <tstamps>64b9654a-7b6d-4722-97da-a5a607762c0a</tstamps>
    </comp>
    <comp ref="R3">
      <value>1K</value>
      <footprint>Resistor_SMD:R_0805_2012Metric_Pad1.20x1.40mm_HandSolder</footprint>
      <libsource lib="Device" part="R_Small" description="Resistor, small symbol"/>
      <property name="Sheetname" value=""/>
      <property name="Sheetfile" value="BTS7960.kicad_sch"/>
      <sheetpath names="/" tstamps="/"/>
      <tstamps>06a254c5-860e-466b-9fa6-3461e60cb6fe</tstamps>
    </comp>
    <comp ref="R4">
      <value>1K</value>
      <footprint>Resistor_SMD:R_0805_2012Metric_Pad1.20x1.40mm_HandSolder</footprint>
      <libsource lib="Device" part="R_Small" description="Resistor, small symbol"/>
      <property name="Sheetname" value=""/>
      <property name="Sheetfile" value="BTS7960.kicad_sch"/>
      <sheetpath names="/" tstamps="/"/>
      <tstamps>5de53929-337e-4082-8ce9-5850cc870efc</tstamps>
    </comp>
    <comp ref="R5">
      <value>1K</value>
      <footprint>Resistor_SMD:R_0805_2012Metric_Pad1.20x1.40mm_HandSolder</footprint>
      <libsource lib="Device" part="R_Small" description="Resistor, small symbol"/>
      <property name="Sheetname" value=""/>
      <property name="Sheetfile" value="BTS7960.kicad_sch"/>
      <sheetpath names="/" tstamps="/"/>
      <tstamps>ac813f6f-320a-402c-a2b0-df1c737c90cd</tstamps>
    </comp>
    <comp ref="R6">
      <value>1K</value>
      <footprint>Resistor_SMD:R_0805_2012Metric_Pad1.20x1.40mm_HandSolder</footprint>
      <libsource lib="Device" part="R_Small" description="Resistor, small symbol"/>
      <property name="Sheetname" value=""/>
      <property name="Sheetfile" value="BTS7960.kicad_sch"/>
      <sheetpath names="/" tstamps="/"/>
      <tstamps>f6b7a0c2-77d4-414b-880a-96beb123b51c</tstamps>
    </comp>
    <comp ref="R7">
      <value>1K</value>
      <footprint>Resistor_SMD:R_0805_2012Metric_Pad1.20x1.40mm_HandSolder</footprint>
      <libsource lib="Device" part="R_Small" description="Resistor, small symbol"/>
      <property name="Sheetname" value=""/>
      <property name="Sheetfile" value="BTS7960.kicad_sch"/>
      <sheetpath names="/" tstamps="/"/>
      <tstamps>a8ad35bc-30e2-44ad-8c0a-cdfc89ca7e9c</tstamps>
    </comp>
    <comp ref="R8">
      <value>1K</value>
      <footprint>Resistor_SMD:R_0805_2012Metric_Pad1.20x1.40mm_HandSolder</footprint>
      <libsource lib="Device" part="R_Small" description="Resistor, small symbol"/>
      <property name="Sheetname" value=""/>
      <property name="Sheetfile" value="BTS7960.kicad_sch"/>
      <sheetpath names="/" tstamps="/"/>
      <tstamps>47389cfe-cda2-434b-964f-cab54661c951</tstamps>
    </comp>
    <comp ref="R9">
      <value>1K</value>
      <footprint>Resistor_SMD:R_0805_2012Metric_Pad1.20x1.40mm_HandSolder</footprint>
      <libsource lib="Device" part="R_Small" description="Resistor, small symbol"/>
      <property name="Sheetname" value=""/>
      <property name="Sheetfile" value="BTS7960.kicad_sch"/>
      <sheetpath names="/" tstamps="/"/>
      <tstamps>aecd1053-a1f3-413f-b25e-e92fae537627</tstamps>
    </comp>
    <comp ref="R10">
      <value>1K</value>
      <footprint>Resistor_SMD:R_0805_2012Metric_Pad1.20x1.40mm_HandSolder</footprint>
      <libsource lib="Device" part="R_Small" description="Resistor, small symbol"/>
      <property name="Sheetname" value=""/>
      <property name="Sheetfile" value="BTS7960.kicad_sch"/>
      <sheetpath names="/" tstamps="/"/>
      <tstamps>1dded639-a5c6-4f73-8453-93e2b301777c</tstamps>
    </comp>
    <comp ref="R11">
      <value>1K</value>
      <footprint>Resistor_SMD:R_0805_2012Metric_Pad1.20x1.40mm_HandSolder</footprint>
      <libsource lib="Device" part="R_Small" description="Resistor, small symbol"/>
      <property name="Sheetname" value=""/>
      <property name="Sheetfile" value="BTS7960.kicad_sch"/>
      <sheetpath names="/" tstamps="/"/>
      <tstamps>a0a9b228-d91f-495f-a315-54a9e43e3fd7</tstamps>
    </comp>
    <comp ref="R12">
      <value>1K</value>
      <footprint>Resistor_SMD:R_0805_2012Metric_Pad1.20x1.40mm_HandSolder</footprint>
      <libsource lib="Device" part="R_Small" description="Resistor, small symbol"/>
      <property name="Sheetname" value=""/>
      <property name="Sheetfile" value="BTS7960.kicad_sch"/>
      <sheetpath names="/" tstamps="/"/>
      <tstamps>54305ebe-f91b-4a35-92b4-2e6c546a536e</tstamps>
    </comp>
    <comp ref="R13">
      <value>1K</value>
      <footprint>Resistor_SMD:R_0805_2012Metric_Pad1.20x1.40mm_HandSolder</footprint>
      <libsource lib="Device" part="R_Small" description="Resistor, small symbol"/>
      <property name="Sheetname" value=""/>
      <property name="Sheetfile" value="BTS7960.kicad_sch"/>
      <sheetpath names="/" tstamps="/"/>
      <tstamps>9630bffa-6bbb-4bb4-a654-c47f9e266294</tstamps>
    </comp>
    <comp ref="R14">
      <value>1K</value>
      <footprint>Resistor_SMD:R_0805_2012Metric_Pad1.20x1.40mm_HandSolder</footprint>
      <libsource lib="Device" part="R_Small" description="Resistor, small symbol"/>
      <property name="Sheetname" value=""/>
      <property name="Sheetfile" value="BTS7960.kicad_sch"/>
      <sheetpath names="/" tstamps="/"/>
      <tstamps>7c1fdccf-43fc-405c-926c-57bb90472255</tstamps>
    </comp>
    <comp ref="R15">
      <value>1K</value>
      <footprint>Resistor_SMD:R_0805_2012Metric_Pad1.20x1.40mm_HandSolder</footprint>
      <libsource lib="Device" part="R_Small" description="Resistor, small symbol"/>
      <property name="Sheetname" value=""/>
      <property name="Sheetfile" value="BTS7960.kicad_sch"/>
      <sheetpath names="/" tstamps="/"/>
      <tstamps>52944bd3-9ac1-471a-9b2a-0c92461cb2c0</tstamps>
    </comp>
    <comp ref="R16">
      <value>1K</value>
      <footprint>Resistor_SMD:R_0805_2012Metric_Pad1.20x1.40mm_HandSolder</footprint>
      <libsource lib="Device" part="R_Small" description="Resistor, small symbol"/>
      <property name="Sheetname" value=""/>
      <property name="Sheetfile" value="BTS7960.kicad_sch"/>
      <sheetpath names="/" tstamps="/"/>
      <tstamps>c958c9f2-16c1-4406-8e6b-59c5df01fdef</tstamps>
    </comp>
    <comp ref="R17">
      <value>1K</value>
      <footprint>Resistor_SMD:R_0805_2012Metric_Pad1.20x1.40mm_HandSolder</footprint>
      <libsource lib="Device" part="R_Small" description="Resistor, small symbol"/>
      <property name="Sheetname" value=""/>
      <property name="Sheetfile" value="BTS7960.kicad_sch"/>
      <sheetpath names="/" tstamps="/"/>
      <tstamps>8a6cffa0-b1fa-4902-973c-c700dcaeab06</tstamps>
    </comp>
    <comp ref="R18">
      <value>1K</value>
      <footprint>Resistor_SMD:R_0805_2012Metric_Pad1.20x1.40mm_HandSolder</footprint>
      <libsource lib="Device" part="R_Small" description="Resistor, small symbol"/>
      <property name="Sheetname" value=""/>
      <property name="Sheetfile" value="BTS7960.kicad_sch"/>
      <sheetpath names="/" tstamps="/"/>
      <tstamps>529cb058-24ca-437c-b2f5-8018de64ee64</tstamps>
    </comp>
    <comp ref="R19">
      <value>1K</value>
      <footprint>Resistor_SMD:R_0805_2012Metric_Pad1.20x1.40mm_HandSolder</footprint>
      <libsource lib="Device" part="R_Small" description="Resistor, small symbol"/>
      <property name="Sheetname" value=""/>
      <property name="Sheetfile" value="BTS7960.kicad_sch"/>
      <sheetpath names="/" tstamps="/"/>
      <tstamps>5a7e56f3-e3f2-4a68-8265-1ef2466a782c</tstamps>
    </comp>
    <comp ref="R20">
      <value>1K</value>
      <footprint>Resistor_SMD:R_0805_2012Metric_Pad1.20x1.40mm_HandSolder</footprint>
      <libsource lib="Device" part="R_Small" description="Resistor, small symbol"/>
      <property name="Sheetname" value=""/>
      <property name="Sheetfile" value="BTS7960.kicad_sch"/>
      <sheetpath names="/" tstamps="/"/>
      <tstamps>5e9aa9ad-9076-4b31-97fd-f068d2b12fba</tstamps>
    </comp>
    <comp ref="R21">
      <value>1K</value>
      <footprint>Resistor_SMD:R_0805_2012Metric_Pad1.20x1.40mm_HandSolder</footprint>
      <libsource lib="Device" part="R_Small" description="Resistor, small symbol"/>
      <property name="Sheetname" value=""/>
      <property name="Sheetfile" value="BTS7960.kicad_sch"/>
      <sheetpath names="/" tstamps="/"/>
      <tstamps>b3e10f54-ecf2-4c5f-8a83-592f3f120bed</tstamps>
    </comp>
    <comp ref="R22">
      <value>1K</value>
      <footprint>Resistor_SMD:R_0805_2012Metric_Pad1.20x1.40mm_HandSolder</footprint>
      <libsource lib="Device" part="R_Small" description="Resistor, small symbol"/>
      <property name="Sheetname" value=""/>
      <property name="Sheetfile" value="BTS7960.kicad_sch"/>
      <sheetpath names="/" tstamps="/"/>
      <tstamps>11bd9bd8-c796-454f-8a0b-1433af6f04d3</tstamps>
    </comp>
    <comp ref="R23">
      <value>1K</value>
      <footprint>Resistor_SMD:R_0805_2012Metric_Pad1.20x1.40mm_HandSolder</footprint>
      <libsource lib="Device" part="R_Small" description="Resistor, small symbol"/>
      <property name="Sheetname" value=""/>
      <property name="Sheetfile" value="BTS7960.kicad_sch"/>
      <sheetpath names="/" tstamps="/"/>
      <tstamps>fa5eb494-2919-4938-90b5-3cf797a38b40</tstamps>
    </comp>
    <comp ref="R24">
      <value>1K</value>
      <footprint>Resistor_SMD:R_0805_2012Metric_Pad1.20x1.40mm_HandSolder</footprint>
      <libsource lib="Device" part="R_Small" description="Resistor, small symbol"/>
      <property name="Sheetname" value=""/>
      <property name="Sheetfile" value="BTS7960.kicad_sch"/>
      <sheetpath names="/" tstamps="/"/>
      <tstamps>b0928e3a-b748-4ff7-b5ab-f763df02c949</tstamps>
    </comp>
    <comp ref="R25">
      <value>1K</value>
      <footprint>Resistor_SMD:R_0805_2012Metric_Pad1.20x1.40mm_HandSolder</footprint>
      <libsource lib="Device" part="R_Small" description="Resistor, small symbol"/>
      <property name="Sheetname" value=""/>
      <property name="Sheetfile" value="BTS7960.kicad_sch"/>
      <sheetpath names="/" tstamps="/"/>
      <tstamps>032b1d7a-3cea-49d4-8b24-b6c8a82dc6b0</tstamps>
    </comp>
    <comp ref="R26">
      <value>1K</value>
      <footprint>Resistor_SMD:R_0805_2012Metric_Pad1.20x1.40mm_HandSolder</footprint>
      <libsource lib="Device" part="R_Small" description="Resistor, small symbol"/>
      <property name="Sheetname" value=""/>
      <property name="Sheetfile" value="BTS7960.kicad_sch"/>
      <sheetpath names="/" tstamps="/"/>
      <tstamps>32246786-5446-4aa3-9d8b-dd9ead62d808</tstamps>
    </comp>
    <comp ref="R27">
      <value>1K</value>
      <footprint>Resistor_SMD:R_0805_2012Metric_Pad1.20x1.40mm_HandSolder</footprint>
      <libsource lib="Device" part="R_Small" description="Resistor, small symbol"/>
      <property name="Sheetname" value=""/>
      <property name="Sheetfile" value="BTS7960.kicad_sch"/>
      <sheetpath names="/" tstamps="/"/>
      <tstamps>ecb0dee9-3390-40f5-adf7-3217172b2fe7</tstamps>
    </comp>
    <comp ref="R28">
      <value>1K</value>
      <footprint>Resistor_SMD:R_0805_2012Metric_Pad1.20x1.40mm_HandSolder</footprint>
      <libsource lib="Device" part="R_Small" description="Resistor, small symbol"/>
      <property name="Sheetname" value=""/>
      <property name="Sheetfile" value="BTS7960.kicad_sch"/>
      <sheetpath names="/" tstamps="/"/>
      <tstamps>319d3eb1-b539-45ae-9bcc-4bedb4467b67</tstamps>
    </comp>
    <comp ref="R29">
      <value>1K</value>
      <footprint>Resistor_SMD:R_0805_2012Metric_Pad1.20x1.40mm_HandSolder</footprint>
      <libsource lib="Device" part="R_Small" description="Resistor, small symbol"/>
      <property name="Sheetname" value=""/>
      <property name="Sheetfile" value="BTS7960.kicad_sch"/>
      <sheetpath names="/" tstamps="/"/>
      <tstamps>d7374eb2-04f4-4bae-b9ee-417f282d061c</tstamps>
    </comp>
    <comp ref="R30">
      <value>1K</value>
      <footprint>Resistor_SMD:R_0805_2012Metric_Pad1.20x1.40mm_HandSolder</footprint>
      <libsource lib="Device" part="R_Small" description="Resistor, small symbol"/>
      <property name="Sheetname" value=""/>
      <property name="Sheetfile" value="BTS7960.kicad_sch"/>
      <sheetpath names="/" tstamps="/"/>
      <tstamps>7b9617e9-0b72-4dd9-9948-ae487a067be8</tstamps>
    </comp>
    <comp ref="R31">
      <value>1K</value>
      <footprint>Resistor_SMD:R_0805_2012Metric_Pad1.20x1.40mm_HandSolder</footprint>
      <libsource lib="Device" part="R_Small" description="Resistor, small symbol"/>
      <property name="Sheetname" value=""/>
      <property name="Sheetfile" value="BTS7960.kicad_sch"/>
      <sheetpath names="/" tstamps="/"/>
      <tstamps>e5ce7b4d-e264-4e65-8760-a4e78395a71e</tstamps>
    </comp>
    <comp ref="R32">
      <value>1K</value>
      <footprint>Resistor_SMD:R_0805_2012Metric_Pad1.20x1.40mm_HandSolder</footprint>
      <libsource lib="Device" part="R_Small" description="Resistor, small symbol"/>
      <property name="Sheetname" value=""/>
      <property name="Sheetfile" value="BTS7960.kicad_sch"/>
      <sheetpath names="/" tstamps="/"/>
      <tstamps>fa6d2023-72ab-44f4-a922-a11da6675995</tstamps>
    </comp>
    <comp ref="U1">
      <value>SN74HC244DWR</value>
      <footprint>sn76ch244:SOIC127P1030X265-20N</footprint>
      <libsource lib="SN74CH244DBR" part="SN74HC244DWR" description=""/>
      <property name="Sheetname" value=""/>
      <property name="Sheetfile" value="BTS7960.kicad_sch"/>
      <sheetpath names="/" tstamps="/"/>
      <tstamps>f1d910a1-7c9a-492e-8d6b-341c924a67cf</tstamps>
    </comp>
    <comp ref="U2">
      <value>BTS7960B</value>
      <footprint>Package_TO_SOT_SMD:Infineon_PG-TO-220-7Lead_TabPin8</footprint>
      <fields>
        <field name="MANUFACTURER">Infineon</field>
        <field name="MAXIMUM_PACKAGE_HEIGHT">4.4mm</field>
        <field name="PARTREV">1.1</field>
        <field name="STANDARD">IPC-7351B</field>
      </fields>
      <libsource lib="bts7960" part="BTS7960B" description=""/>
      <property name="MANUFACTURER" value="Infineon"/>
      <property name="PARTREV" value="1.1"/>
      <property name="STANDARD" value="IPC-7351B"/>
      <property name="MAXIMUM_PACKAGE_HEIGHT" value="4.4mm"/>
      <property name="Sheetname" value=""/>
      <property name="Sheetfile" value="BTS7960.kicad_sch"/>
      <sheetpath names="/" tstamps="/"/>
      <tstamps>70ca1409-f83f-491b-9ca7-0d2170cf63fe</tstamps>
    </comp>
    <comp ref="U3">
      <value>BTS7960B</value>
      <footprint>Package_TO_SOT_SMD:Infineon_PG-TO-220-7Lead_TabPin8</footprint>
      <fields>
        <field name="MANUFACTURER">Infineon</field>
        <field name="MAXIMUM_PACKAGE_HEIGHT">4.4mm</field>
        <field name="PARTREV">1.1</field>
        <field name="STANDARD">IPC-7351B</field>
      </fields>
      <libsource lib="bts7960" part="BTS7960B" description=""/>
      <property name="MANUFACTURER" value="Infineon"/>
      <property name="PARTREV" value="1.1"/>
      <property name="STANDARD" value="IPC-7351B"/>
      <property name="MAXIMUM_PACKAGE_HEIGHT" value="4.4mm"/>
      <property name="Sheetname" value=""/>
      <property name="Sheetfile" value="BTS7960.kicad_sch"/>
      <sheetpath names="/" tstamps="/"/>
      <tstamps>b254b89f-2d19-4830-bb87-d91e985820c4</tstamps>
    </comp>
    <comp ref="U4">
      <value>BTS7960B</value>
      <footprint>Package_TO_SOT_SMD:Infineon_PG-TO-220-7Lead_TabPin8</footprint>
      <fields>
        <field name="MANUFACTURER">Infineon</field>
        <field name="MAXIMUM_PACKAGE_HEIGHT">4.4mm</field>
        <field name="PARTREV">1.1</field>
        <field name="STANDARD">IPC-7351B</field>
      </fields>
      <libsource lib="bts7960" part="BTS7960B" description=""/>
      <property name="MANUFACTURER" value="Infineon"/>
      <property name="PARTREV" value="1.1"/>
      <property name="STANDARD" value="IPC-7351B"/>
      <property name="MAXIMUM_PACKAGE_HEIGHT" value="4.4mm"/>
      <property name="Sheetname" value=""/>
      <property name="Sheetfile" value="BTS7960.kicad_sch"/>
      <sheetpath names="/" tstamps="/"/>
      <tstamps>f7623c88-80f7-4fcd-8fe8-e4c1ae0fdf0b</tstamps>
    </comp>
    <comp ref="U5">
      <value>BTS7960B</value>
      <footprint>Package_TO_SOT_SMD:Infineon_PG-TO-220-7Lead_TabPin8</footprint>
      <fields>
        <field name="MANUFACTURER">Infineon</field>
        <field name="MAXIMUM_PACKAGE_HEIGHT">4.4mm</field>
        <field name="PARTREV">1.1</field>
        <field name="STANDARD">IPC-7351B</field>
      </fields>
      <libsource lib="bts7960" part="BTS7960B" description=""/>
      <property name="MANUFACTURER" value="Infineon"/>
      <property name="PARTREV" value="1.1"/>
      <property name="STANDARD" value="IPC-7351B"/>
      <property name="MAXIMUM_PACKAGE_HEIGHT" value="4.4mm"/>
      <property name="Sheetname" value=""/>
      <property name="Sheetfile" value="BTS7960.kicad_sch"/>
      <sheetpath names="/" tstamps="/"/>
      <tstamps>bceebc2a-51b0-4e5f-aa31-a1310bc380fc</tstamps>
    </comp>
    <comp ref="U6">
      <value>BTS7960B</value>
      <footprint>Package_TO_SOT_SMD:Infineon_PG-TO-220-7Lead_TabPin8</footprint>
      <fields>
        <field name="MANUFACTURER">Infineon</field>
        <field name="MAXIMUM_PACKAGE_HEIGHT">4.4mm</field>
        <field name="PARTREV">1.1</field>
        <field name="STANDARD">IPC-7351B</field>
      </fields>
      <libsource lib="bts7960" part="BTS7960B" description=""/>
      <property name="MANUFACTURER" value="Infineon"/>
      <property name="PARTREV" value="1.1"/>
      <property name="STANDARD" value="IPC-7351B"/>
      <property name="MAXIMUM_PACKAGE_HEIGHT" value="4.4mm"/>
      <property name="Sheetname" value=""/>
      <property name="Sheetfile" value="BTS7960.kicad_sch"/>
      <sheetpath names="/" tstamps="/"/>
      <tstamps>6c6b0eb1-90a8-4734-bcb2-0b07a09823aa</tstamps>
    </comp>
    <comp ref="U7">
      <value>SN74HC244DWR</value>
      <footprint>sn76ch244:SOIC127P1030X265-20N</footprint>
      <libsource lib="SN74CH244DBR" part="SN74HC244DWR" description=""/>
      <property name="Sheetname" value=""/>
      <property name="Sheetfile" value="BTS7960.kicad_sch"/>
      <sheetpath names="/" tstamps="/"/>
      <tstamps>703a4735-f7a4-4285-a09c-e38aaf955206</tstamps>
    </comp>
    <comp ref="U8">
      <value>BTS7960B</value>
      <footprint>Package_TO_SOT_SMD:Infineon_PG-TO-220-7Lead_TabPin8</footprint>
      <fields>
        <field name="MANUFACTURER">Infineon</field>
        <field name="MAXIMUM_PACKAGE_HEIGHT">4.4mm</field>
        <field name="PARTREV">1.1</field>
        <field name="STANDARD">IPC-7351B</field>
      </fields>
      <libsource lib="bts7960" part="BTS7960B" description=""/>
      <property name="MANUFACTURER" value="Infineon"/>
      <property name="PARTREV" value="1.1"/>
      <property name="STANDARD" value="IPC-7351B"/>
      <property name="MAXIMUM_PACKAGE_HEIGHT" value="4.4mm"/>
      <property name="Sheetname" value=""/>
      <property name="Sheetfile" value="BTS7960.kicad_sch"/>
      <sheetpath names="/" tstamps="/"/>
      <tstamps>809589ad-6113-48f2-bdec-259bf8f878ff</tstamps>
    </comp>
    <comp ref="U9">
      <value>BTS7960B</value>
      <footprint>Package_TO_SOT_SMD:Infineon_PG-TO-220-7Lead_TabPin8</footprint>
      <fields>
        <field name="MANUFACTURER">Infineon</field>
        <field name="MAXIMUM_PACKAGE_HEIGHT">4.4mm</field>
        <field name="PARTREV">1.1</field>
        <field name="STANDARD">IPC-7351B</field>
      </fields>
      <libsource lib="bts7960" part="BTS7960B" description=""/>
      <property name="MANUFACTURER" value="Infineon"/>
      <property name="PARTREV" value="1.1"/>
      <property name="STANDARD" value="IPC-7351B"/>
      <property name="MAXIMUM_PACKAGE_HEIGHT" value="4.4mm"/>
      <property name="Sheetname" value=""/>
      <property name="Sheetfile" value="BTS7960.kicad_sch"/>
      <sheetpath names="/" tstamps="/"/>
      <tstamps>cadca4cc-dcdf-4a31-ac33-a6408b682e12</tstamps>
    </comp>
    <comp ref="U10">
      <value>BTS7960B</value>
      <footprint>Package_TO_SOT_SMD:Infineon_PG-TO-220-7Lead_TabPin8</footprint>
      <fields>
        <field name="MANUFACTURER">Infineon</field>
        <field name="MAXIMUM_PACKAGE_HEIGHT">4.4mm</field>
        <field name="PARTREV">1.1</field>
        <field name="STANDARD">IPC-7351B</field>
      </fields>
      <libsource lib="bts7960" part="BTS7960B" description=""/>
      <property name="MANUFACTURER" value="Infineon"/>
      <property name="PARTREV" value="1.1"/>
      <property name="STANDARD" value="IPC-7351B"/>
      <property name="MAXIMUM_PACKAGE_HEIGHT" value="4.4mm"/>
      <property name="Sheetname" value=""/>
      <property name="Sheetfile" value="BTS7960.kicad_sch"/>
      <sheetpath names="/" tstamps="/"/>
      <tstamps>19680eb0-e287-4319-b1c2-9f17dd309f5b</tstamps>
    </comp>
    <comp ref="U11">
      <value>BTS7960B</value>
      <footprint>Package_TO_SOT_SMD:Infineon_PG-TO-220-7Lead_TabPin8</footprint>
      <fields>
        <field name="MANUFACTURER">Infineon</field>
        <field name="MAXIMUM_PACKAGE_HEIGHT">4.4mm</field>
        <field name="PARTREV">1.1</field>
        <field name="STANDARD">IPC-7351B</field>
      </fields>
      <libsource lib="bts7960" part="BTS7960B" description=""/>
      <property name="MANUFACTURER" value="Infineon"/>
      <property name="PARTREV" value="1.1"/>
      <property name="STANDARD" value="IPC-7351B"/>
      <property name="MAXIMUM_PACKAGE_HEIGHT" value="4.4mm"/>
      <property name="Sheetname" value=""/>
      <property name="Sheetfile" value="BTS7960.kicad_sch"/>
      <sheetpath names="/" tstamps="/"/>
      <tstamps>26e4981f-ad63-4906-b275-b29cc0f024f5</tstamps>
    </comp>
    <comp ref="U12">
      <value>BTS7960B</value>
      <footprint>Package_TO_SOT_SMD:Infineon_PG-TO-220-7Lead_TabPin8</footprint>
      <fields>
        <field name="MANUFACTURER">Infineon</field>
        <field name="MAXIMUM_PACKAGE_HEIGHT">4.4mm</field>
        <field name="PARTREV">1.1</field>
        <field name="STANDARD">IPC-7351B</field>
      </fields>
      <libsource lib="bts7960" part="BTS7960B" description=""/>
      <property name="MANUFACTURER" value="Infineon"/>
      <property name="PARTREV" value="1.1"/>
      <property name="STANDARD" value="IPC-7351B"/>
      <property name="MAXIMUM_PACKAGE_HEIGHT" value="4.4mm"/>
      <property name="Sheetname" value=""/>
      <property name="Sheetfile" value="BTS7960.kicad_sch"/>
      <sheetpath names="/" tstamps="/"/>
      <tstamps>bf5dcb4b-942f-4539-bcfd-0cbe3df70a87</tstamps>
    </comp>
    <comp ref="U13">
      <value>BTS7960B</value>
      <footprint>Package_TO_SOT_SMD:Infineon_PG-TO-220-7Lead_TabPin8</footprint>
      <fields>
        <field name="MANUFACTURER">Infineon</field>
        <field name="MAXIMUM_PACKAGE_HEIGHT">4.4mm</field>
        <field name="PARTREV">1.1</field>
        <field name="STANDARD">IPC-7351B</field>
      </fields>
      <libsource lib="bts7960" part="BTS7960B" description=""/>
      <property name="MANUFACTURER" value="Infineon"/>
      <property name="PARTREV" value="1.1"/>
      <property name="STANDARD" value="IPC-7351B"/>
      <property name="MAXIMUM_PACKAGE_HEIGHT" value="4.4mm"/>
      <property name="Sheetname" value=""/>
      <property name="Sheetfile" value="BTS7960.kicad_sch"/>
      <sheetpath names="/" tstamps="/"/>
      <tstamps>2311d4f2-060a-4d8c-b9c7-71ef51eaef72</tstamps>
    </comp>
    <comp ref="U14">
      <value>BTS7960B</value>
      <footprint>Package_TO_SOT_SMD:Infineon_PG-TO-220-7Lead_TabPin8</footprint>
      <fields>
        <field name="MANUFACTURER">Infineon</field>
        <field name="MAXIMUM_PACKAGE_HEIGHT">4.4mm</field>
        <field name="PARTREV">1.1</field>
        <field name="STANDARD">IPC-7351B</field>
      </fields>
      <libsource lib="bts7960" part="BTS7960B" description=""/>
      <property name="MANUFACTURER" value="Infineon"/>
      <property name="PARTREV" value="1.1"/>
      <property name="STANDARD" value="IPC-7351B"/>
      <property name="MAXIMUM_PACKAGE_HEIGHT" value="4.4mm"/>
      <property name="Sheetname" value=""/>
      <property name="Sheetfile" value="BTS7960.kicad_sch"/>
      <sheetpath names="/" tstamps="/"/>
      <tstamps>8ce38ce5-9042-4feb-90a4-893093637943</tstamps>
    </comp>
  </components>
  <libparts>
    <libpart lib="Connector" part="Screw_Terminal_01x02">
      <description>Generic screw terminal, single row, 01x02, script generated (kicad-library-utils/schlib/autogen/connector/)</description>
      <docs>~</docs>
      <footprints>
        <fp>TerminalBlock*:*</fp>
      </footprints>
      <fields>
        <field name="Reference">J</field>
        <field name="Value">Screw_Terminal_01x02</field>
        <field name="Datasheet">~</field>
      </fields>
      <pins>
        <pin num="1" name="Pin_1" type="passive"/>
        <pin num="2" name="Pin_2" type="passive"/>
      </pins>
    </libpart>
    <libpart lib="Device" part="C_Small">
      <description>Unpolarized capacitor, small symbol</description>
      <docs>~</docs>
      <footprints>
        <fp>C_*</fp>
      </footprints>
      <fields>
        <field name="Reference">C</field>
        <field name="Value">C_Small</field>
        <field name="Datasheet">~</field>
      </fields>
      <pins>
        <pin num="1" name="" type="passive"/>
        <pin num="2" name="" type="passive"/>
      </pins>
    </libpart>
    <libpart lib="Device" part="R_Small">
      <description>Resistor, small symbol</description>
      <docs>~</docs>
      <footprints>
        <fp>R_*</fp>
      </footprints>
      <fields>
        <field name="Reference">R</field>
        <field name="Value">R_Small</field>
        <field name="Datasheet">~</field>
      </fields>
      <pins>
        <pin num="1" name="" type="passive"/>
        <pin num="2" name="" type="passive"/>
      </pins>
    </libpart>
    <libpart lib="JST 8PIS" part="B8B-XH-A(LF)(SN)">
      <fields>
        <field name="Reference">J</field>
        <field name="Value">B8B-XH-A(LF)(SN)</field>
        <field name="Footprint">JST_B8B-XH-A(LF)(SN)</field>
        <field name="STANDARD">Manufacturer Recommendations</field>
        <field name="PARTREV">N/A</field>
        <field name="MANUFACTURER">JST Sales America Inc.</field>
        <field name="SNAPEDA_PN">B8B-XH-A(LF)(SN)</field>
        <field name="MAXIMUM_PACKAGE_HEIGHT">7 mm</field>
      </fields>
      <pins>
        <pin num="1" name="1" type="passive"/>
        <pin num="2" name="2" type="passive"/>
        <pin num="3" name="3" type="passive"/>
        <pin num="4" name="4" type="passive"/>
        <pin num="5" name="5" type="passive"/>
        <pin num="6" name="6" type="passive"/>
        <pin num="7" name="7" type="passive"/>
        <pin num="8" name="8" type="passive"/>
      </pins>
    </libpart>
    <libpart lib="SN74CH244DBR" part="SN74HC244DWR">
      <fields>
        <field name="Reference">U</field>
        <field name="Value">SN74HC244DWR</field>
        <field name="Footprint">SOIC127P1030X265-20N</field>
      </fields>
      <pins>
        <pin num="1" name="1~{OE}" type="input"/>
        <pin num="2" name="1A1" type="input"/>
        <pin num="3" name="2Y4" type="output"/>
        <pin num="4" name="1A2" type="input"/>
        <pin num="5" name="2Y3" type="output"/>
        <pin num="6" name="1A3" type="input"/>
        <pin num="7" name="2Y2" type="output"/>
        <pin num="8" name="1A4" type="input"/>
        <pin num="9" name="2Y1" type="output"/>
        <pin num="10" name="GND" type="power_in"/>
        <pin num="11" name="2A1" type="input"/>
        <pin num="12" name="1Y4" type="output"/>
        <pin num="13" name="2A2" type="input"/>
        <pin num="14" name="1Y3" type="output"/>
        <pin num="15" name="2A3" type="input"/>
        <pin num="16" name="1Y2" type="output"/>
        <pin num="17" name="2A4" type="input"/>
        <pin num="18" name="1Y1" type="output"/>
        <pin num="19" name="2~{OE}" type="input"/>
        <pin num="20" name="VCC" type="power_in"/>
      </pins>
    </libpart>
    <libpart lib="bts7960" part="BTS7960B">
      <fields>
        <field name="Reference">U</field>
        <field name="Value">BTS7960B</field>
        <field name="Footprint">DPAK127P1490X440-8N</field>
        <field name="MANUFACTURER">Infineon</field>
        <field name="PARTREV">1.1</field>
        <field name="STANDARD">IPC-7351B</field>
        <field name="MAXIMUM_PACKAGE_HEIGHT">4.4mm</field>
      </fields>
      <pins>
        <pin num="1" name="GND" type="power_in"/>
        <pin num="2" name="IN" type="input"/>
        <pin num="3" name="INH" type="input"/>
        <pin num="4" name="OUT" type="output"/>
        <pin num="5" name="SR" type="input"/>
        <pin num="6" name="IS" type="output"/>
        <pin num="7" name="VS" type="power_in"/>
        <pin num="8" name="OUT" type="output"/>
      </pins>
    </libpart>
  </libparts>
  <libraries>
    <library logical="Connector">
      <uri>C:\Program Files\KiCad\6.0\share\kicad\symbols\/Connector.kicad_sym</uri>
    </library>
    <library logical="Device">
      <uri>C:\Program Files\KiCad\6.0\share\kicad\symbols\/Device.kicad_sym</uri>
    </library>
    <library logical="JST 8PIS">
      <uri>C:/Users/Hp/Downloads/Documents/KiCad/footprints/JST 8PIN/B8B-XH-A_LF__SN_.kicad_sym</uri>
    </library>
    <library logical="SN74CH244DBR">
      <uri>C:/Users/Hp/Downloads/Documents/KiCad/footprints/SN74HC244DWR/SN74HC244DWR.kicad_sym</uri>
    </library>
    <library logical="bts7960">
      <uri>C:/Users/Hp/Downloads/Documents/KiCad/footprints/bts/BTS7960B.kicad_sym</uri>
    </library>
  </libraries>
  <nets>
    <net code="1" name="/+6v">
      <node ref="C1" pin="1" pintype="passive"/>
      <node ref="J7" pin="7" pinfunction="7" pintype="passive"/>
      <node ref="U1" pin="20" pinfunction="VCC" pintype="power_in"/>
    </net>
    <net code="2" name="/+6v2">
      <node ref="C6" pin="1" pintype="passive"/>
      <node ref="J8" pin="7" pinfunction="7" pintype="passive"/>
      <node ref="U7" pin="20" pinfunction="VCC" pintype="power_in"/>
    </net>
    <net code="3" name="/GND2">
      <node ref="J8" pin="8" pinfunction="8" pintype="passive"/>
    </net>
    <net code="4" name="/LEN">
      <node ref="J7" pin="4" pinfunction="4" pintype="passive"/>
      <node ref="R32" pin="2" pintype="passive"/>
      <node ref="U1" pin="8" pinfunction="1A4" pintype="input"/>
    </net>
    <net code="5" name="/LEN2">
      <node ref="J8" pin="4" pinfunction="4" pintype="passive"/>
      <node ref="R28" pin="2" pintype="passive"/>
      <node ref="U7" pin="8" pinfunction="1A4" pintype="input"/>
    </net>
    <net code="6" name="/LIS">
      <node ref="J7" pin="6" pinfunction="6" pintype="passive"/>
      <node ref="R19" pin="1" pintype="passive"/>
      <node ref="R20" pin="1" pintype="passive"/>
      <node ref="R21" pin="1" pintype="passive"/>
      <node ref="U13" pin="6" pinfunction="IS" pintype="output"/>
      <node ref="U14" pin="6" pinfunction="IS" pintype="output"/>
      <node ref="U3" pin="6" pinfunction="IS" pintype="output"/>
    </net>
    <net code="7" name="/LIS2">
      <node ref="J8" pin="6" pinfunction="6" pintype="passive"/>
      <node ref="R7" pin="1" pintype="passive"/>
      <node ref="R8" pin="1" pintype="passive"/>
      <node ref="R9" pin="1" pintype="passive"/>
      <node ref="U10" pin="6" pinfunction="IS" pintype="output"/>
      <node ref="U8" pin="6" pinfunction="IS" pintype="output"/>
      <node ref="U9" pin="6" pinfunction="IS" pintype="output"/>
    </net>
    <net code="8" name="/LPWM">
      <node ref="J7" pin="2" pinfunction="2" pintype="passive"/>
      <node ref="R30" pin="2" pintype="passive"/>
      <node ref="U1" pin="4" pinfunction="1A2" pintype="input"/>
    </net>
    <net code="9" name="/LPWM2">
      <node ref="J8" pin="2" pinfunction="2" pintype="passive"/>
      <node ref="R26" pin="2" pintype="passive"/>
      <node ref="U7" pin="4" pinfunction="1A2" pintype="input"/>
    </net>
    <net code="10" name="/REN">
      <node ref="J7" pin="3" pinfunction="3" pintype="passive"/>
      <node ref="R31" pin="2" pintype="passive"/>
      <node ref="U1" pin="6" pinfunction="1A3" pintype="input"/>
    </net>
    <net code="11" name="/REN2">
      <node ref="J8" pin="3" pinfunction="3" pintype="passive"/>
      <node ref="R27" pin="2" pintype="passive"/>
      <node ref="U7" pin="6" pinfunction="1A3" pintype="input"/>
    </net>
    <net code="12" name="/RIS">
      <node ref="J7" pin="5" pinfunction="5" pintype="passive"/>
      <node ref="R15" pin="1" pintype="passive"/>
      <node ref="R17" pin="1" pintype="passive"/>
      <node ref="R18" pin="1" pintype="passive"/>
      <node ref="U11" pin="6" pinfunction="IS" pintype="output"/>
      <node ref="U12" pin="6" pinfunction="IS" pintype="output"/>
      <node ref="U2" pin="6" pinfunction="IS" pintype="output"/>
    </net>
    <net code="13" name="/RIS2">
      <node ref="J8" pin="5" pinfunction="5" pintype="passive"/>
      <node ref="R3" pin="1" pintype="passive"/>
      <node ref="R5" pin="1" pintype="passive"/>
      <node ref="R6" pin="1" pintype="passive"/>
      <node ref="U4" pin="6" pinfunction="IS" pintype="output"/>
      <node ref="U5" pin="6" pinfunction="IS" pintype="output"/>
      <node ref="U6" pin="6" pinfunction="IS" pintype="output"/>
    </net>
    <net code="14" name="/RPWM">
      <node ref="J7" pin="1" pinfunction="1" pintype="passive"/>
      <node ref="R29" pin="2" pintype="passive"/>
      <node ref="U1" pin="2" pinfunction="1A1" pintype="input"/>
    </net>
    <net code="15" name="/RPWM2">
      <node ref="J8" pin="1" pinfunction="1" pintype="passive"/>
      <node ref="R25" pin="2" pintype="passive"/>
      <node ref="U7" pin="2" pinfunction="1A1" pintype="input"/>
    </net>
    <net code="16" name="/Y1">
      <node ref="U1" pin="18" pinfunction="1Y1" pintype="output"/>
      <node ref="U11" pin="2" pinfunction="IN" pintype="input"/>
      <node ref="U12" pin="2" pinfunction="IN" pintype="input"/>
      <node ref="U2" pin="2" pinfunction="IN" pintype="input"/>
    </net>
    <net code="17" name="/Y2">
      <node ref="U1" pin="16" pinfunction="1Y2" pintype="output"/>
      <node ref="U11" pin="3" pinfunction="INH" pintype="input"/>
      <node ref="U12" pin="3" pinfunction="INH" pintype="input"/>
      <node ref="U2" pin="3" pinfunction="INH" pintype="input"/>
    </net>
    <net code="18" name="/Y3">
      <node ref="U1" pin="14" pinfunction="1Y3" pintype="output"/>
      <node ref="U13" pin="2" pinfunction="IN" pintype="input"/>
      <node ref="U14" pin="2" pinfunction="IN" pintype="input"/>
      <node ref="U3" pin="2" pinfunction="IN" pintype="input"/>
    </net>
    <net code="19" name="/Y4">
      <node ref="U1" pin="12" pinfunction="1Y4" pintype="output"/>
      <node ref="U13" pin="3" pinfunction="INH" pintype="input"/>
      <node ref="U14" pin="3" pinfunction="INH" pintype="input"/>
      <node ref="U3" pin="3" pinfunction="INH" pintype="input"/>
    </net>
    <net code="20" name="/Z1">
      <node ref="U4" pin="2" pinfunction="IN" pintype="input"/>
      <node ref="U5" pin="2" pinfunction="IN" pintype="input"/>
      <node ref="U6" pin="2" pinfunction="IN" pintype="input"/>
      <node ref="U7" pin="18" pinfunction="1Y1" pintype="output"/>
    </net>
    <net code="21" name="/Z2">
      <node ref="U4" pin="3" pinfunction="INH" pintype="input"/>
      <node ref="U5" pin="3" pinfunction="INH" pintype="input"/>
      <node ref="U6" pin="3" pinfunction="INH" pintype="input"/>
      <node ref="U7" pin="16" pinfunction="1Y2" pintype="output"/>
    </net>
    <net code="22" name="/Z3">
      <node ref="U10" pin="2" pinfunction="IN" pintype="input"/>
      <node ref="U7" pin="14" pinfunction="1Y3" pintype="output"/>
      <node ref="U8" pin="2" pinfunction="IN" pintype="input"/>
      <node ref="U9" pin="2" pinfunction="IN" pintype="input"/>
    </net>
    <net code="23" name="/Z4">
      <node ref="U10" pin="3" pinfunction="INH" pintype="input"/>
      <node ref="U7" pin="12" pinfunction="1Y4" pintype="output"/>
      <node ref="U8" pin="3" pinfunction="INH" pintype="input"/>
      <node ref="U9" pin="3" pinfunction="INH" pintype="input"/>
    </net>
    <net code="24" name="/vcc">
      <node ref="C2" pin="2" pintype="passive"/>
      <node ref="J5" pin="1" pinfunction="Pin_1" pintype="passive"/>
      <node ref="U10" pin="7" pinfunction="VS" pintype="power_in"/>
      <node ref="U11" pin="7" pinfunction="VS" pintype="power_in"/>
      <node ref="U12" pin="7" pinfunction="VS" pintype="power_in"/>
      <node ref="U13" pin="7" pinfunction="VS" pintype="power_in"/>
      <node ref="U14" pin="7" pinfunction="VS" pintype="power_in"/>
      <node ref="U2" pin="7" pinfunction="VS" pintype="power_in"/>
      <node ref="U3" pin="7" pinfunction="VS" pintype="power_in"/>
      <node ref="U4" pin="7" pinfunction="VS" pintype="power_in"/>
      <node ref="U5" pin="7" pinfunction="VS" pintype="power_in"/>
      <node ref="U6" pin="7" pinfunction="VS" pintype="power_in"/>
      <node ref="U8" pin="7" pinfunction="VS" pintype="power_in"/>
      <node ref="U9" pin="7" pinfunction="VS" pintype="power_in"/>
    </net>
    <net code="25" name="GND">
      <node ref="C1" pin="2" pintype="passive"/>
      <node ref="C2" pin="1" pintype="passive"/>
      <node ref="C6" pin="2" pintype="passive"/>
      <node ref="J5" pin="2" pinfunction="Pin_2" pintype="passive"/>
      <node ref="J7" pin="8" pinfunction="8" pintype="passive"/>
      <node ref="R1" pin="2" pintype="passive"/>
      <node ref="R10" pin="2" pintype="passive"/>
      <node ref="R11" pin="2" pintype="passive"/>
      <node ref="R12" pin="2" pintype="passive"/>
      <node ref="R13" pin="2" pintype="passive"/>
      <node ref="R14" pin="2" pintype="passive"/>
      <node ref="R15" pin="2" pintype="passive"/>
      <node ref="R16" pin="2" pintype="passive"/>
      <node ref="R17" pin="2" pintype="passive"/>
      <node ref="R18" pin="2" pintype="passive"/>
      <node ref="R19" pin="2" pintype="passive"/>
      <node ref="R2" pin="2" pintype="passive"/>
      <node ref="R20" pin="2" pintype="passive"/>
      <node ref="R21" pin="2" pintype="passive"/>
      <node ref="R22" pin="2" pintype="passive"/>
      <node ref="R23" pin="2" pintype="passive"/>
      <node ref="R24" pin="2" pintype="passive"/>
      <node ref="R25" pin="1" pintype="passive"/>
      <node ref="R26" pin="1" pintype="passive"/>
      <node ref="R27" pin="1" pintype="passive"/>
      <node ref="R28" pin="1" pintype="passive"/>
      <node ref="R29" pin="1" pintype="passive"/>
      <node ref="R3" pin="2" pintype="passive"/>
      <node ref="R30" pin="1" pintype="passive"/>
      <node ref="R31" pin="1" pintype="passive"/>
      <node ref="R32" pin="1" pintype="passive"/>
      <node ref="R4" pin="2" pintype="passive"/>
      <node ref="R5" pin="2" pintype="passive"/>
      <node ref="R6" pin="2" pintype="passive"/>
      <node ref="R7" pin="2" pintype="passive"/>
      <node ref="R8" pin="2" pintype="passive"/>
      <node ref="R9" pin="2" pintype="passive"/>
      <node ref="U1" pin="1" pinfunction="1~{OE}" pintype="input"/>
      <node ref="U1" pin="10" pinfunction="GND" pintype="power_in"/>
      <node ref="U1" pin="11" pinfunction="2A1" pintype="input"/>
      <node ref="U1" pin="13" pinfunction="2A2" pintype="input"/>
      <node ref="U1" pin="15" pinfunction="2A3" pintype="input"/>
      <node ref="U1" pin="17" pinfunction="2A4" pintype="input"/>
      <node ref="U1" pin="19" pinfunction="2~{OE}" pintype="input"/>
      <node ref="U10" pin="1" pinfunction="GND" pintype="power_in"/>
      <node ref="U11" pin="1" pinfunction="GND" pintype="power_in"/>
      <node ref="U12" pin="1" pinfunction="GND" pintype="power_in"/>
      <node ref="U13" pin="1" pinfunction="GND" pintype="power_in"/>
      <node ref="U14" pin="1" pinfunction="GND" pintype="power_in"/>
      <node ref="U2" pin="1" pinfunction="GND" pintype="power_in"/>
      <node ref="U3" pin="1" pinfunction="GND" pintype="power_in"/>
      <node ref="U4" pin="1" pinfunction="GND" pintype="power_in"/>
      <node ref="U5" pin="1" pinfunction="GND" pintype="power_in"/>
      <node ref="U6" pin="1" pinfunction="GND" pintype="power_in"/>
      <node ref="U7" pin="1" pinfunction="1~{OE}" pintype="input"/>
      <node ref="U7" pin="10" pinfunction="GND" pintype="power_in"/>
      <node ref="U7" pin="11" pinfunction="2A1" pintype="input"/>
      <node ref="U7" pin="13" pinfunction="2A2" pintype="input"/>
      <node ref="U7" pin="15" pinfunction="2A3" pintype="input"/>
      <node ref="U7" pin="17" pinfunction="2A4" pintype="input"/>
      <node ref="U7" pin="19" pinfunction="2~{OE}" pintype="input"/>
      <node ref="U8" pin="1" pinfunction="GND" pintype="power_in"/>
      <node ref="U9" pin="1" pinfunction="GND" pintype="power_in"/>
    </net>
    <net code="26" name="Net-(J1-Pad1)">
      <node ref="J1" pin="1" pinfunction="Pin_1" pintype="passive"/>
      <node ref="U2" pin="4" pinfunction="OUT" pintype="output"/>
      <node ref="U2" pin="8" pinfunction="OUT" pintype="output"/>
    </net>
    <net code="27" name="Net-(J1-Pad2)">
      <node ref="J1" pin="2" pinfunction="Pin_2" pintype="passive"/>
      <node ref="U3" pin="4" pinfunction="OUT" pintype="output"/>
      <node ref="U3" pin="8" pinfunction="OUT" pintype="output"/>
    </net>
    <net code="28" name="Net-(J2-Pad1)">
      <node ref="J2" pin="1" pinfunction="Pin_1" pintype="passive"/>
      <node ref="U4" pin="4" pinfunction="OUT" pintype="output"/>
      <node ref="U4" pin="8" pinfunction="OUT" pintype="output"/>
    </net>
    <net code="29" name="Net-(J2-Pad2)">
      <node ref="J2" pin="2" pinfunction="Pin_2" pintype="passive"/>
      <node ref="U8" pin="4" pinfunction="OUT" pintype="output"/>
      <node ref="U8" pin="8" pinfunction="OUT" pintype="output"/>
    </net>
    <net code="30" name="Net-(J3-Pad1)">
      <node ref="J3" pin="1" pinfunction="Pin_1" pintype="passive"/>
      <node ref="U5" pin="4" pinfunction="OUT" pintype="output"/>
      <node ref="U5" pin="8" pinfunction="OUT" pintype="output"/>
    </net>
    <net code="31" name="Net-(J3-Pad2)">
      <node ref="J3" pin="2" pinfunction="Pin_2" pintype="passive"/>
      <node ref="U9" pin="4" pinfunction="OUT" pintype="output"/>
      <node ref="U9" pin="8" pinfunction="OUT" pintype="output"/>
    </net>
    <net code="32" name="Net-(J4-Pad1)">
      <node ref="J4" pin="1" pinfunction="Pin_1" pintype="passive"/>
      <node ref="U6" pin="4" pinfunction="OUT" pintype="output"/>
      <node ref="U6" pin="8" pinfunction="OUT" pintype="output"/>
    </net>
    <net code="33" name="Net-(J4-Pad2)">
      <node ref="J4" pin="2" pinfunction="Pin_2" pintype="passive"/>
      <node ref="U10" pin="4" pinfunction="OUT" pintype="output"/>
      <node ref="U10" pin="8" pinfunction="OUT" pintype="output"/>
    </net>
    <net code="34" name="Net-(J9-Pad1)">
      <node ref="J9" pin="1" pinfunction="Pin_1" pintype="passive"/>
      <node ref="U11" pin="4" pinfunction="OUT" pintype="output"/>
      <node ref="U11" pin="8" pinfunction="OUT" pintype="output"/>
    </net>
    <net code="35" name="Net-(J9-Pad2)">
      <node ref="J9" pin="2" pinfunction="Pin_2" pintype="passive"/>
      <node ref="U13" pin="4" pinfunction="OUT" pintype="output"/>
      <node ref="U13" pin="8" pinfunction="OUT" pintype="output"/>
    </net>
    <net code="36" name="Net-(J10-Pad1)">
      <node ref="J10" pin="1" pinfunction="Pin_1" pintype="passive"/>
      <node ref="U12" pin="4" pinfunction="OUT" pintype="output"/>
      <node ref="U12" pin="8" pinfunction="OUT" pintype="output"/>
    </net>
    <net code="37" name="Net-(J10-Pad2)">
      <node ref="J10" pin="2" pinfunction="Pin_2" pintype="passive"/>
      <node ref="U14" pin="4" pinfunction="OUT" pintype="output"/>
      <node ref="U14" pin="8" pinfunction="OUT" pintype="output"/>
    </net>
    <net code="38" name="Net-(R1-Pad1)">
      <node ref="R1" pin="1" pintype="passive"/>
      <node ref="U6" pin="5" pinfunction="SR" pintype="input"/>
    </net>
    <net code="39" name="Net-(R2-Pad1)">
      <node ref="R2" pin="1" pintype="passive"/>
      <node ref="U4" pin="5" pinfunction="SR" pintype="input"/>
    </net>
    <net code="40" name="Net-(R4-Pad1)">
      <node ref="R4" pin="1" pintype="passive"/>
      <node ref="U5" pin="5" pinfunction="SR" pintype="input"/>
    </net>
    <net code="41" name="Net-(R10-Pad1)">
      <node ref="R10" pin="1" pintype="passive"/>
      <node ref="U10" pin="5" pinfunction="SR" pintype="input"/>
    </net>
    <net code="42" name="Net-(R11-Pad1)">
      <node ref="R11" pin="1" pintype="passive"/>
      <node ref="U8" pin="5" pinfunction="SR" pintype="input"/>
    </net>
    <net code="43" name="Net-(R12-Pad1)">
      <node ref="R12" pin="1" pintype="passive"/>
      <node ref="U9" pin="5" pinfunction="SR" pintype="input"/>
    </net>
    <net code="44" name="Net-(R13-Pad1)">
      <node ref="R13" pin="1" pintype="passive"/>
      <node ref="U2" pin="5" pinfunction="SR" pintype="input"/>
    </net>
    <net code="45" name="Net-(R14-Pad1)">
      <node ref="R14" pin="1" pintype="passive"/>
      <node ref="U11" pin="5" pinfunction="SR" pintype="input"/>
    </net>
    <net code="46" name="Net-(R16-Pad1)">
      <node ref="R16" pin="1" pintype="passive"/>
      <node ref="U12" pin="5" pinfunction="SR" pintype="input"/>
    </net>
    <net code="47" name="Net-(R22-Pad1)">
      <node ref="R22" pin="1" pintype="passive"/>
      <node ref="U3" pin="5" pinfunction="SR" pintype="input"/>
    </net>
    <net code="48" name="Net-(R23-Pad1)">
      <node ref="R23" pin="1" pintype="passive"/>
      <node ref="U13" pin="5" pinfunction="SR" pintype="input"/>
    </net>
    <net code="49" name="Net-(R24-Pad1)">
      <node ref="R24" pin="1" pintype="passive"/>
      <node ref="U14" pin="5" pinfunction="SR" pintype="input"/>
    </net>
    <net code="50" name="unconnected-(U1-Pad3)">
      <node ref="U1" pin="3" pinfunction="2Y4" pintype="output+no_connect"/>
    </net>
    <net code="51" name="unconnected-(U1-Pad5)">
      <node ref="U1" pin="5" pinfunction="2Y3" pintype="output+no_connect"/>
    </net>
    <net code="52" name="unconnected-(U1-Pad7)">
      <node ref="U1" pin="7" pinfunction="2Y2" pintype="output+no_connect"/>
    </net>
    <net code="53" name="unconnected-(U1-Pad9)">
      <node ref="U1" pin="9" pinfunction="2Y1" pintype="output+no_connect"/>
    </net>
    <net code="54" name="unconnected-(U7-Pad3)">
      <node ref="U7" pin="3" pinfunction="2Y4" pintype="output+no_connect"/>
    </net>
    <net code="55" name="unconnected-(U7-Pad5)">
      <node ref="U7" pin="5" pinfunction="2Y3" pintype="output+no_connect"/>
    </net>
    <net code="56" name="unconnected-(U7-Pad7)">
      <node ref="U7" pin="7" pinfunction="2Y2" pintype="output+no_connect"/>
    </net>
    <net code="57" name="unconnected-(U7-Pad9)">
      <node ref="U7" pin="9" pinfunction="2Y1" pintype="output+no_connect"/>
    </net>
  </nets>
</export>
