"Source:","C:\Users\Hp\Downloads\Documents\KiCad\BTS7960\BTS7960.kicad_sch"
"Date:","23-12-2022 22:39:52"
"Tool:","Eeschema (6.0.7)"
"Generator:","C:\Program Files\KiCad\6.0\bin\scripting\plugins/bom_csv_grouped_by_value.py"
"Component Count:","58"

"Individual Components:"

"Item","Qty","Reference(s)","Value","LibPart","Footprint","Datasheet","MANUFACTURER","MAXIMUM_PACKAGE_HEIGHT","PARTREV","SNAPEDA_PN","STANDARD"
"","","C1","1uF","Device:C_Small","Capacitor_THT:CP_Radial_Tantal_D4.5mm_P5.00mm","~","","","","",""
"","","C2","100pF","Device:C_Small","Capacitor_THT:CP_Axial_L11.0mm_D5.0mm_P18.00mm_Horizontal","~","","","","",""
"","","C6","1uF","Device:C_Small","Capacitor_THT:CP_Radial_Tantal_D4.5mm_P5.00mm","~","","","","",""
"","","J1","Screw_Terminal_01x02","Connector:Screw_Terminal_01x02","TerminalBlock:TerminalBlock_Altech_AK300-2_P5.00mm","~","","","","",""
"","","J2","Screw_Terminal_01x02","Connector:Screw_Terminal_01x02","TerminalBlock:TerminalBlock_Altech_AK300-2_P5.00mm","~","","","","",""
"","","J3","Screw_Terminal_01x02","Connector:Screw_Terminal_01x02","TerminalBlock:TerminalBlock_Altech_AK300-2_P5.00mm","~","","","","",""
"","","J4","Screw_Terminal_01x02","Connector:Screw_Terminal_01x02","TerminalBlock:TerminalBlock_Altech_AK300-2_P5.00mm","~","","","","",""
"","","J5","Screw_Terminal_01x02","Connector:Screw_Terminal_01x02","TerminalBlock:TerminalBlock_Altech_AK300-2_P5.00mm","~","","","","",""
"","","J7","B8B-XH-A(LF)(SN)","JST 8PIS:B8B-XH-A(LF)(SN)","Connector_JST:JST_EH_S8B-EH_1x08_P2.50mm_Horizontal","","JST Sales America Inc.","7 mm","N/A","B8B-XH-A(LF)(SN)","Manufacturer Recommendations"
"","","J8","B8B-XH-A(LF)(SN)","JST 8PIS:B8B-XH-A(LF)(SN)","Connector_JST:JST_EH_S8B-EH_1x08_P2.50mm_Horizontal","","JST Sales America Inc.","7 mm","N/A","B8B-XH-A(LF)(SN)","Manufacturer Recommendations"
"","","J9","Screw_Terminal_01x02","Connector:Screw_Terminal_01x02","TerminalBlock:TerminalBlock_Altech_AK300-2_P5.00mm","~","","","","",""
"","","J10","Screw_Terminal_01x02","Connector:Screw_Terminal_01x02","TerminalBlock:TerminalBlock_Altech_AK300-2_P5.00mm","~","","","","",""
"","","R1","1K","Device:R_Small","Resistor_SMD:R_0805_2012Metric_Pad1.20x1.40mm_HandSolder","~","","","","",""
"","","R2","1K","Device:R_Small","Resistor_SMD:R_0805_2012Metric_Pad1.20x1.40mm_HandSolder","~","","","","",""
"","","R3","1K","Device:R_Small","Resistor_SMD:R_0805_2012Metric_Pad1.20x1.40mm_HandSolder","~","","","","",""
"","","R4","1K","Device:R_Small","Resistor_SMD:R_0805_2012Metric_Pad1.20x1.40mm_HandSolder","~","","","","",""
"","","R5","1K","Device:R_Small","Resistor_SMD:R_0805_2012Metric_Pad1.20x1.40mm_HandSolder","~","","","","",""
"","","R6","1K","Device:R_Small","Resistor_SMD:R_0805_2012Metric_Pad1.20x1.40mm_HandSolder","~","","","","",""
"","","R7","1K","Device:R_Small","Resistor_SMD:R_0805_2012Metric_Pad1.20x1.40mm_HandSolder","~","","","","",""
"","","R8","1K","Device:R_Small","Resistor_SMD:R_0805_2012Metric_Pad1.20x1.40mm_HandSolder","~","","","","",""
"","","R9","1K","Device:R_Small","Resistor_SMD:R_0805_2012Metric_Pad1.20x1.40mm_HandSolder","~","","","","",""
"","","R10","1K","Device:R_Small","Resistor_SMD:R_0805_2012Metric_Pad1.20x1.40mm_HandSolder","~","","","","",""
"","","R11","1K","Device:R_Small","Resistor_SMD:R_0805_2012Metric_Pad1.20x1.40mm_HandSolder","~","","","","",""
"","","R12","1K","Device:R_Small","Resistor_SMD:R_0805_2012Metric_Pad1.20x1.40mm_HandSolder","~","","","","",""
"","","R13","1K","Device:R_Small","Resistor_SMD:R_0805_2012Metric_Pad1.20x1.40mm_HandSolder","~","","","","",""
"","","R14","1K","Device:R_Small","Resistor_SMD:R_0805_2012Metric_Pad1.20x1.40mm_HandSolder","~","","","","",""
"","","R15","1K","Device:R_Small","Resistor_SMD:R_0805_2012Metric_Pad1.20x1.40mm_HandSolder","~","","","","",""
"","","R16","1K","Device:R_Small","Resistor_SMD:R_0805_2012Metric_Pad1.20x1.40mm_HandSolder","~","","","","",""
"","","R17","1K","Device:R_Small","Resistor_SMD:R_0805_2012Metric_Pad1.20x1.40mm_HandSolder","~","","","","",""
"","","R18","1K","Device:R_Small","Resistor_SMD:R_0805_2012Metric_Pad1.20x1.40mm_HandSolder","~","","","","",""
"","","R19","1K","Device:R_Small","Resistor_SMD:R_0805_2012Metric_Pad1.20x1.40mm_HandSolder","~","","","","",""
"","","R20","1K","Device:R_Small","Resistor_SMD:R_0805_2012Metric_Pad1.20x1.40mm_HandSolder","~","","","","",""
"","","R21","1K","Device:R_Small","Resistor_SMD:R_0805_2012Metric_Pad1.20x1.40mm_HandSolder","~","","","","",""
"","","R22","1K","Device:R_Small","Resistor_SMD:R_0805_2012Metric_Pad1.20x1.40mm_HandSolder","~","","","","",""
"","","R23","1K","Device:R_Small","Resistor_SMD:R_0805_2012Metric_Pad1.20x1.40mm_HandSolder","~","","","","",""
"","","R24","1K","Device:R_Small","Resistor_SMD:R_0805_2012Metric_Pad1.20x1.40mm_HandSolder","~","","","","",""
"","","R25","1K","Device:R_Small","Resistor_SMD:R_0805_2012Metric_Pad1.20x1.40mm_HandSolder","~","","","","",""
"","","R26","1K","Device:R_Small","Resistor_SMD:R_0805_2012Metric_Pad1.20x1.40mm_HandSolder","~","","","","",""
"","","R27","1K","Device:R_Small","Resistor_SMD:R_0805_2012Metric_Pad1.20x1.40mm_HandSolder","~","","","","",""
"","","R28","1K","Device:R_Small","Resistor_SMD:R_0805_2012Metric_Pad1.20x1.40mm_HandSolder","~","","","","",""
"","","R29","1K","Device:R_Small","Resistor_SMD:R_0805_2012Metric_Pad1.20x1.40mm_HandSolder","~","","","","",""
"","","R30","1K","Device:R_Small","Resistor_SMD:R_0805_2012Metric_Pad1.20x1.40mm_HandSolder","~","","","","",""
"","","R31","1K","Device:R_Small","Resistor_SMD:R_0805_2012Metric_Pad1.20x1.40mm_HandSolder","~","","","","",""
"","","R32","1K","Device:R_Small","Resistor_SMD:R_0805_2012Metric_Pad1.20x1.40mm_HandSolder","~","","","","",""
"","","U1","SN74HC244DWR","SN74CH244DBR:SN74HC244DWR","sn76ch244:SOIC127P1030X265-20N","","","","","",""
"","","U2","BTS7960B","bts7960:BTS7960B","Package_TO_SOT_SMD:Infineon_PG-TO-220-7Lead_TabPin8","","Infineon","4.4mm","1.1","","IPC-7351B"
"","","U3","BTS7960B","bts7960:BTS7960B","Package_TO_SOT_SMD:Infineon_PG-TO-220-7Lead_TabPin8","","Infineon","4.4mm","1.1","","IPC-7351B"
"","","U4","BTS7960B","bts7960:BTS7960B","Package_TO_SOT_SMD:Infineon_PG-TO-220-7Lead_TabPin8","","Infineon","4.4mm","1.1","","IPC-7351B"
"","","U5","BTS7960B","bts7960:BTS7960B","Package_TO_SOT_SMD:Infineon_PG-TO-220-7Lead_TabPin8","","Infineon","4.4mm","1.1","","IPC-7351B"
"","","U6","BTS7960B","bts7960:BTS7960B","Package_TO_SOT_SMD:Infineon_PG-TO-220-7Lead_TabPin8","","Infineon","4.4mm","1.1","","IPC-7351B"
"","","U7","SN74HC244DWR","SN74CH244DBR:SN74HC244DWR","sn76ch244:SOIC127P1030X265-20N","","","","","",""
"","","U8","BTS7960B","bts7960:BTS7960B","Package_TO_SOT_SMD:Infineon_PG-TO-220-7Lead_TabPin8","","Infineon","4.4mm","1.1","","IPC-7351B"
"","","U9","BTS7960B","bts7960:BTS7960B","Package_TO_SOT_SMD:Infineon_PG-TO-220-7Lead_TabPin8","","Infineon","4.4mm","1.1","","IPC-7351B"
"","","U10","BTS7960B","bts7960:BTS7960B","Package_TO_SOT_SMD:Infineon_PG-TO-220-7Lead_TabPin8","","Infineon","4.4mm","1.1","","IPC-7351B"
"","","U11","BTS7960B","bts7960:BTS7960B","Package_TO_SOT_SMD:Infineon_PG-TO-220-7Lead_TabPin8","","Infineon","4.4mm","1.1","","IPC-7351B"
"","","U12","BTS7960B","bts7960:BTS7960B","Package_TO_SOT_SMD:Infineon_PG-TO-220-7Lead_TabPin8","","Infineon","4.4mm","1.1","","IPC-7351B"
"","","U13","BTS7960B","bts7960:BTS7960B","Package_TO_SOT_SMD:Infineon_PG-TO-220-7Lead_TabPin8","","Infineon","4.4mm","1.1","","IPC-7351B"
"","","U14","BTS7960B","bts7960:BTS7960B","Package_TO_SOT_SMD:Infineon_PG-TO-220-7Lead_TabPin8","","Infineon","4.4mm","1.1","","IPC-7351B"



"Collated Components:"

"Item","Qty","Reference(s)","Value","LibPart","Footprint","Datasheet","MANUFACTURER","MAXIMUM_PACKAGE_HEIGHT","PARTREV","SNAPEDA_PN","STANDARD"
"1","2","C1, C6","1uF","Device:C_Small","Capacitor_THT:CP_Radial_Tantal_D4.5mm_P5.00mm","~","","","","",""
"2","1","C2","100pF","Device:C_Small","Capacitor_THT:CP_Axial_L11.0mm_D5.0mm_P18.00mm_Horizontal","~","","","","",""
"3","7","J1, J2, J3, J4, J5, J9, J10","Screw_Terminal_01x02","Connector:Screw_Terminal_01x02","TerminalBlock:TerminalBlock_Altech_AK300-2_P5.00mm","~","","","","",""
"4","2","J7, J8","B8B-XH-A(LF)(SN)","JST 8PIS:B8B-XH-A(LF)(SN)","Connector_JST:JST_EH_S8B-EH_1x08_P2.50mm_Horizontal","","JST Sales America Inc.","7 mm","N/A","B8B-XH-A(LF)(SN)","Manufacturer Recommendations"
"5","32","R1, R2, R3, R4, R5, R6, R7, R8, R9, R10, R11, R12, R13, R14, R15, R16, R17, R18, R19, R20, R21, R22, R23, R24, R25, R26, R27, R28, R29, R30, R31, R32","1K","Device:R_Small","Resistor_SMD:R_0805_2012Metric_Pad1.20x1.40mm_HandSolder","~","","","","",""
"6","2","U1, U7","SN74HC244DWR","SN74CH244DBR:SN74HC244DWR","sn76ch244:SOIC127P1030X265-20N","","","","","",""
"7","12","U2, U3, U4, U5, U6, U8, U9, U10, U11, U12, U13, U14","BTS7960B","bts7960:BTS7960B","Package_TO_SOT_SMD:Infineon_PG-TO-220-7Lead_TabPin8","","Infineon","4.4mm","1.1","","IPC-7351B"
